Materials Id,Formula
mp-18925,Li6CoO4
mp-774082,Li(CoO2)2
mp-771536,Li7Co5O12
mp-31531,Li8CoO6
mp-765070,Li5CoO4
mp-24850,LiCoO2
mp-1174037,Li5Co3O8
mp-1185179,Li10Co4O9
mp-1174196,Li7Co5O12
mp-1175469,Li9Co7O16
mp-1175419,Li9Co7O16
mp-1175409,Li9Co7O16
mp-1175381,Li9Co7O16
mp-853206,Li3(CoO2)4
mp-1174246,Li7Co5O12
mp-780888,Li(CoO2)4
mp-1172980,Li17(CoO4)3
mp-771191,Li5Co7O16
mp-777836,Li14Co13O28
mp-775093,Li5CoO4
mp-776979,Li9(CoO4)2
mp-775097,Li2CoO2
mp-1177487,Li47(CoO4)8
mp-1175506,Li9Co7O16
mp-769483,Li11(CoO4)2
mp-1172965,Li16(CoO4)3
mp-769791,Li4CoO3
mp-763622,Li2(CoO2)3
mp-1173960,Li3Co2O5
mp-762472,Li9Co13O28
mp-690149,Li(CoO2)8
mp-850954,Li21(CoO4)4
mp-762036,Li(CoO2)2
mp-1173883,Li2CoO3
mp-1173887,Li2CoO3
mp-997525,Li4Co15O28
mp-764999,Li2(CoO2)3
mp-769847,Li(CoO2)2
mp-762605,Li9Co13O28
mp-1173888,Li2CoO3
mp-1173881,Li2CoO3
mp-1173890,Li2CoO3
mp-769436,Li5(CoO2)8
mp-1173894,Li2CoO3
mp-1173977,Li3Co2O5
mp-769852,Li3CoO3
mp-1173880,Li2CoO3
mp-1173889,Li2CoO3
mp-705640,Li20Co21O40
mp-765047,Li(CoO2)4
mp-773128,Li10Co4O9
mp-699137,Li4(CoO2)7
mp-771219,Li(CoO2)2
mp-763697,Li(CoO2)3
mp-1173996,Li5Co3O8
mp-1173970,Li3Co2O5
mp-771197,Li4Co7O16
mp-1174003,Li5Co3O8
mp-763412,Li4Co13O28
mp-1174153,Li5Co3O8
mp-1174313,Li7Co5O12
mp-1177547,Li4Co5O12
mp-1174012,Li5Co3O8
mp-1173879,Li2CoO3
mp-1175374,Li9Co7O16
mp-771244,Li4Co13O28
mp-763684,Li8(CoO2)5
mp-868342,Li4Co5O12
mp-1174494,Li7Co5O12
mp-763322,Li4CoO4
mp-773454,Li5CoO4
mp-775446,Li3(CoO2)5
mp-1175401,Li9Co7O16
mp-1174305,Li7Co5O12
mp-1174804,Li7Co5O12
mp-1175376,Li9Co7O16
mp-771481,Li(CoO2)2
mp-705847,Li2(CoO2)3
mp-1174197,Li4Co3O7
mp-1175400,Li9Co7O16
mp-1174229,Li7Co5O12
mp-1175410,Li9Co7O16
mp-1175428,Li9Co7O16
mp-1174191,Li4Co3O7
mp-1175467,Li9Co7O16
mp-1174391,Li7Co5O12
mp-553952,Li(CoO2)2
mp-763312,Li4CoO4
mp-1175480,Li9Co7O16
mp-776148,Li20Co21O40
mp-1174228,Li4Co3O7
mp-1177481,Li4CoO4
mp-779983,Li7(CoO3)2
mp-1174233,Li4Co3O7
mp-771225,Li17(CoO4)4
mp-771226,Li9(CoO4)2
mp-772385,LiCo8O9
mp-773572,LiCo6O7
mp-1174276,Li4Co3O7
mp-1175405,Li9Co7O16
mp-776004,Li4CoO4
mp-1175418,Li9Co7O16
mp-1175415,Li9Co7O16
mp-1174239,Li4Co3O7
mp-1174179,Li4Co3O7
mp-763310,LiCo5O8
mp-781073,Li5CoO4
mp-1175466,Li9Co7O16
mp-1174128,Li5Co3O8
mp-1174291,Li4Co3O7
mp-1175392,Li9Co7O16
mp-766743,LiCo15O16
mp-1174104,Li5Co3O8
mp-1174143,Li5Co3O8
mp-1175429,Li9Co7O16
mp-1174212,Li4Co3O7
mp-1175521,Li9Co7O16
mp-1174123,Li5Co3O8
mp-1175430,Li9Co7O16
mp-1175451,Li9Co7O16
mp-1175382,Li9Co7O16
mp-1175379,Li9Co7O16
mp-1175571,Li9Co7O16
mp-1175394,Li9Co7O16
mp-1174374,Li7Co5O12
mp-1174051,Li5Co3O8
mp-1175413,Li9Co7O16
mp-1175444,Li9Co7O16
mp-853240,LiCoO2
mp-1174377,Li7Co5O12
mp-1174039,Li5Co3O8
mp-767934,Li3Co13O16
mp-764688,Li4CoO4
mp-1174177,Li5Co3O8
mp-1175384,Li9Co7O16
mp-1175447,Li9Co7O16
mp-1175380,Li9Co7O16
mp-771227,Li19(CoO4)4
mp-1174174,Li5Co3O8
mp-1175449,Li9Co7O16
mp-1174265,Li7Co5O12
mp-1174315,Li7Co5O12
mp-1174223,Li7Co5O12
mp-763702,Li(CoO2)2
mp-1178332,Li(CoO2)2
mp-1174401,Li7Co5O12
mp-38489,LiCo7O8
mp-1173963,Li5Co3O8
mp-1175488,Li9Co7O16
mp-775089,Li9(CoO4)2
mp-1174292,Li7Co5O12
mp-1174340,Li7Co5O12
mp-1174271,Li7Co5O12
mp-761816,Li3Co11O14
mp-1174366,Li7Co5O12
mp-763311,Li4CoO4
mp-868302,Li3Co13O16
mp-1176837,Li8(CoO2)5
mp-1174119,Li3Co2O5
mp-764768,Li7(CoO3)2
mp-1176858,Li8(CoO2)5
mp-1174298,Li4Co3O7
mp-853159,Li7(CoO3)2
mp-1174158,Li3Co2O5
mp-1174026,Li3Co2O5
mp-1174016,Li5Co3O8
mp-1174274,Li7Co5O12
mp-1173983,Li3Co2O5
mp-851074,Li4(CoO2)9
mp-1174116,Li5Co3O8
mp-771200,LiCo3O4
mp-1174108,Li3Co2O5
mp-997539,Li(CoO2)3
mp-1174384,Li7Co5O12
mp-1174213,Li3Co2O5
mp-1174327,Li4Co3O7
mp-1175519,Li9Co7O16
mp-1174048,Li5Co3O8
mp-1175507,Li9Co7O16
mp-1174293,Li7Co5O12
mp-1174307,Li7Co5O12
mp-773208,Li7Co5O12
mp-779940,Li4CoO4
mp-1174245,Li7Co5O12
mp-1174403,Li7Co5O12
mp-1173994,Li3Co2O5
mp-1174005,Li3Co2O5
mp-1174269,Li4Co3O7
mp-1177137,Li5(CoO3)2
mp-1175478,Li9Co7O16
mp-1175390,Li9Co7O16
mp-1174328,Li7Co5O12
mp-1174431,Li7Co5O12
mp-1174439,Li7Co5O12
mp-1175471,Li9Co7O16
mp-1173982,Li3Co2O5
mp-1175383,Li9Co7O16
mp-868388,LiCoO2
mp-1174345,Li7Co5O12
mp-1175445,Li9Co7O16
mp-1174237,Li4Co3O7
mp-850944,Li21(Co4O9)2
mp-763627,Li17(Co4O9)2
mp-1174353,Li4Co3O7
mp-1175505,Li9Co7O16
mp-1175436,Li9Co7O16
mp-1174342,Li7Co5O12
mp-1174408,Li4Co3O7
mp-763696,Li5(CoO3)2
mp-1175493,Li9Co7O16
mp-1175435,Li9Co7O16
mp-1175492,Li9Co7O16
mp-1175497,Li9Co7O16
mp-1175464,Li9Co7O16
mp-1174339,Li4Co3O7
mp-1175472,Li9Co7O16
mp-1174044,Li3Co2O5
mp-1175476,Li9Co7O16
mp-1175459,Li9Co7O16
mp-1175517,Li9Co7O16
mp-1174242,Li7Co5O12
mp-1175482,Li9Co7O16
mp-1175450,Li9Co7O16
mp-763202,Li4CoO4
mp-1175500,Li9Co7O16
mp-1175514,Li9Co7O16
mp-1174266,Li7Co5O12
mp-772003,Li5Co7O12
mp-1174033,Li3Co2O5
mp-1175416,Li9Co7O16
mp-1175515,Li9Co7O16
mp-1175440,Li9Co7O16
mp-762878,Li9Co15O28
mp-1178123,Li(CoO2)2
mp-1174257,Li4Co3O7
mp-1175491,Li9Co7O16
mp-763750,Li3(CoO2)4
mp-1174371,Li4Co3O7
mp-765519,Li5(CoO2)4
mp-1175443,Li9Co7O16
mp-1174390,Li4Co3O7
mp-1097885,LiCoO2
mp-868637,Li7(CoO3)2
mp-768062,Li13Co15O28
mp-735506,Li9Co9O17
mp-1175463,Li9Co7O16
mp-780140,Li5(CoO2)4
mp-1174331,Li4Co3O7
mp-773514,Li2CoO3
mp-1174250,Li4Co3O7
mp-25471,Li(CoO2)2
mp-1174365,Li7Co5O12
mp-763189,Li2CoO3
mp-1178078,Li13Co15O28
mp-771636,Li(CoO2)2
mp-764781,Li3(CoO2)4
mp-1174222,Li4Co3O7
mp-1175529,Li9Co7O16
mp-850160,Li7(CoO3)2
mp-868417,Li3CoO3
mp-1175396,Li9Co7O16
mp-764182,Li6(CoO2)5
mp-1222581,LiCo4O5
mp-1177890,Li3(CoO2)4
mp-1222543,LiCo2O3
mp-1177904,Li3(CoO2)4
mp-894498,LiCoO2
mp-1177024,Li6(CoO2)5
mp-1177152,Li5(CoO2)8
mp-774239,Li(CoO2)2
mp-764935,Li(CoO2)2
mp-1045647,Li(CoO2)4
mp-774134,Li2CoO2
mp-765899,LiCoO2
mp-1176084,Li9Co7O16
mp-1222978,Li(CoO2)2
mp-690530,Li2Co4O5
mp-1045644,Li3(CoO2)4
mp-1174281,Li3Co2O5
mp-1174577,Li7Co5O12
mp-1174520,Li4Co3O7
mp-1222499,LiCo3O4
mp-1173891,Li2CoO3
mp-1174225,Li5Co3O8
mp-1222334,LiCoO2
mp-1174181,Li3Co2O5
mp-1178064,Li2(CoO2)3
mp-1212378,Li3CoO6
mp-698582,Li5Mn7O16
mp-691115,Li4Mn5O12
mp-770533,Li6MnO4
mp-18988,Li2MnO3
mp-37620,LiMnO2
mp-775236,LiMnO2
mp-1097867,LiMn2O4
mp-565348,LiMnO2
mp-705804,LiMnO2
mp-1199729,LiMn2O4
mp-776365,Li9Mn21O40
mp-18767,LiMnO2
mp-769450,Li9Mn15O32
mp-1097058,LiMn2O4
mp-694851,LiMnO2
mp-1004373,LiMnO2
mp-1185524,Li95Mn16O64
mp-706714,Li9Mn15O32
mp-1003549,LiMn16O32
mp-641353,LiMn2O4
mp-19279,Li2MnO2
mp-705742,Li13Mn21O48
mp-690161,Li9Mn20O40
mp-705961,Li5Mn12O24
mp-773331,Li3MnO3
mp-1175314,Li7Mn5O12
mp-1016165,LiMn8O16
mp-698600,Li11Mn13O32
mp-764764,Li7Mn5O12
mp-770534,Li2Mn3O7
mp-699179,Li7Mn17O32
mp-765167,Li13Mn17O40
mp-771616,Li7Mn5O12
mp-767904,Li9Mn14O32
mp-1176672,LiMn3O6
mp-1100541,Li9Mn7O16
mp-763655,LiMn3O6
mp-1100536,Li9Mn7O16
mp-1100553,Li9Mn7O16
mp-767340,LiMnO2
mp-1174296,Li4Mn3O7
mp-1100549,Li9Mn7O16
mp-1100551,Li9Mn7O16
mp-1100492,Li9Mn7O16
mp-1100557,Li9Mn7O16
mp-1100556,Li9Mn7O16
mp-1174220,Li4Mn3O7
mp-1100481,Li9Mn7O16
mp-694974,Li7Mn16O32
mp-1174248,Li4Mn3O7
mp-1100540,Li9Mn7O16
mp-1177178,Li9Mn21O40
mp-1174337,Li4Mn3O7
mp-1100526,Li9Mn7O16
mp-1100581,Li9Mn7O16
mp-1175354,Li7Mn5O12
mp-1100497,Li9Mn7O16
mp-1100554,Li9Mn7O16
mp-1174244,Li4Mn3O7
mp-1100514,Li9Mn7O16
mp-1174288,Li4Mn3O7
mp-1173962,Li3Mn2O5
mp-868928,Li6Mn9O20
mp-25542,LiMnO2
mp-1100505,Li9Mn7O16
mp-1100499,Li9Mn7O16
mp-691123,Li7Mn10O24
mp-1173947,Li3Mn2O5
mp-1173952,Li3Mn2O5
mp-769440,Li7Mn8O20
mp-1175313,Li7Mn5O12
mp-1174285,Li4Mn3O7
mp-1100555,Li9Mn7O16
mp-1100523,Li9Mn7O16
mp-1174312,Li4Mn3O7
mp-1174294,Li4Mn3O7
mp-1100519,Li9Mn7O16
mp-765516,Li8Mn9O18
mp-1174308,Li4Mn3O7
mp-1175308,Li7Mn5O12
mp-1100562,Li9Mn7O16
mp-1175363,Li7Mn5O12
mp-771583,LiMn2O4
mp-1100517,Li9Mn7O16
mp-1100522,Li9Mn7O16
mp-1100552,Li9Mn7O16
mp-1175349,Li7Mn5O12
mp-1100520,Li9Mn7O16
mp-1174287,Li4Mn3O7
mp-1100558,Li9Mn7O16
mp-1174297,Li4Mn3O7
mp-1100524,Li9Mn7O16
mp-1003637,LiMn3O6
mp-761972,Li7Mn14O32
mp-1100559,Li9Mn7O16
mp-1100544,Li9Mn7O16
mp-1100545,Li9Mn7O16
mp-1100547,Li9Mn7O16
mp-1100546,Li9Mn7O16
mp-1100539,Li9Mn7O16
mp-1100516,Li9Mn7O16
mp-1100543,Li9Mn7O16
mp-1003315,LiMn4O8
mp-1100530,Li9Mn7O16
mp-1174275,Li4Mn3O7
mp-1100538,Li9Mn7O16
mp-1100534,Li9Mn7O16
mp-1100515,Li9Mn7O16
mp-1100518,Li9Mn7O16
mp-1100529,Li9Mn7O16
mp-1100537,Li9Mn7O16
mp-1174320,Li4Mn3O7
mp-1100532,Li9Mn7O16
mp-1100542,Li9Mn7O16
mp-1100531,Li9Mn7O16
mp-1232439,Li7Mn5O12
mp-1174741,Li5Mn3O8
mp-1175343,Li7Mn5O12
mp-1100535,Li9Mn7O16
mp-780711,Li4Mn3O8
mp-1175325,Li7Mn5O12
mp-705765,Li3Mn8O16
mp-1174737,Li5Mn3O8
mp-773337,Li5Mn7O12
mp-1175331,Li7Mn5O12
mp-769728,Li3Mn4O8
mp-780161,LiMnO2
mp-770608,Li3Mn3O8
mp-698705,Li4Mn13O24
mp-1175317,Li7Mn5O12
mp-1176738,LiMn7O14
mp-770260,Li8MnO6
mp-770537,LiMn2O3
mp-1100484,Li9Mn7O16
mp-769702,LiMn4O8
mp-1100482,Li9Mn7O16
mp-1100496,Li9Mn7O16
mp-1100513,Li9Mn7O16
mp-1174378,Li4Mn3O7
mp-762411,LiMn3O6
mp-1175337,Li7Mn5O12
mp-1175334,Li7Mn5O12
mp-1100580,Li9Mn7O16
mp-1100494,Li9Mn7O16
mp-1174646,Li5Mn3O8
mp-1004762,LiMn4O8
mp-1175316,Li7Mn5O12
mp-763710,Li3Mn4O8
mp-1174519,Li5Mn3O8
mp-764701,Li8Mn5O10
mp-1100483,Li9Mn7O16
mp-1100510,Li9Mn7O16
mp-775739,LiMn28O56
mp-1175332,Li7Mn5O12
mp-36240,LiMn8O16
mp-1100493,Li9Mn7O16
mp-34650,LiMn3O4
mp-1175328,Li7Mn5O12
mp-1174498,Li5Mn3O8
mp-1100487,Li9Mn7O16
mp-694894,LiMn12O24
mp-770866,LiMn5O8
mp-1174351,Li4Mn3O7
mp-1100479,Li9Mn7O16
mp-1100477,Li9Mn7O16
mp-1100533,Li9Mn7O16
mp-770710,Li3Mn7O16
mp-1175321,Li7Mn5O12
mp-1176651,LiMn6O12
mp-768056,LiMn10O20
mp-1174359,Li4Mn3O7
mp-1100485,Li9Mn7O16
mp-1100512,Li9Mn7O16
mp-1100511,Li9Mn7O16
mp-1100521,Li9Mn7O16
mp-1174554,Li5Mn3O8
mp-1195443,LiMn4O8
mp-1174348,Li4Mn3O7
mp-1100508,Li9Mn7O16
mp-1100501,Li9Mn7O16
mp-1174410,Li4Mn3O7
mp-1177832,Li3Mn28O56
mp-1100506,Li9Mn7O16
mp-762406,LiMn4O8
mp-762412,Li2Mn3O6
mp-1222484,LiMn8O16
mp-1100486,Li9Mn7O16
mp-1100488,Li9Mn7O16
mp-1100495,Li9Mn7O16
mp-762537,LiMn6O12
mp-25015,LiMn2O4
mp-1174387,Li4Mn3O7
mp-771858,LiMnO2
mp-1222562,Li3Mn8O16
mp-1002572,LiMnO2
mp-1100507,Li9Mn7O16
mp-775467,Li5MnO4
mp-780186,Li9Mn10O20
mp-762407,Li6Mn5O10
mp-1174330,Li4Mn3O7
mp-35530,LiMn4O8
mp-1174299,Li4Mn3O7
mp-706830,Li7Mn11O24
mp-769666,Li5Mn6O12
mp-1174373,Li4Mn3O7
mp-770510,Li5MnO4
mp-1175347,Li7Mn5O12
mp-772345,Li4Mn3O8
mp-1175362,Li7Mn5O12
mp-1100509,Li9Mn7O16
mp-1175326,Li7Mn5O12
mp-690435,Li7Mn11O24
mp-1174283,Li4Mn3O7
mp-771942,Li3Mn5O8
mp-1100502,Li9Mn7O16
mp-34461,Li7Mn11O24
mp-1100500,Li9Mn7O16
mp-1100491,Li9Mn7O16
mp-772021,LiMnO2
mp-1174326,Li4Mn3O7
mp-1174316,Li4Mn3O7
mp-1175323,Li7Mn5O12
mp-1175318,Li7Mn5O12
mp-761797,Li6Mn15O32
mp-1175359,Li7Mn5O12
mp-1175365,Li7Mn5O12
mp-1175335,Li7Mn5O12
mp-764763,Li7Mn4O12
mp-1100498,Li9Mn7O16
mp-1100490,Li9Mn7O16
mp-1100476,Li9Mn7O16
mp-1175344,Li7Mn5O12
mp-1100489,Li9Mn7O16
mp-1045540,Li3Mn4O8
mp-780141,Li6Mn5O12
mp-770797,LiMn2O4
mp-770530,Li14Mn2O9
mp-775531,LiMnO2
mp-1174323,Li4Mn3O7
mp-762419,Li4Mn7O12
mp-764759,Li6Mn5O12
mp-1175357,Li7Mn5O12
mp-1173969,Li3Mn2O5
mp-1175373,Li7Mn5O12
mp-1174015,Li3Mn2O5
mp-33461,Li3Mn3O8
mp-1174322,Li4Mn3O7
mp-780145,Li11Mn6O16
mp-1175340,Li7Mn5O12
mp-849676,Li5Mn4O8
mp-762869,LiMn2O4
mp-1003313,Li2Mn3O6
mp-850107,LiMnO2
mp-762514,LiMn3O6
mp-1174008,Li3Mn2O5
mp-694887,Li9Mn22O48
mp-1173945,Li3Mn2O5
mp-1176656,LiMn2O4
mp-1175351,Li7Mn5O12
mp-762404,LiMn3O6
mp-770511,LiMn3O5
mp-770641,LiMn7O12
mp-1173964,Li3Mn2O5
mp-1175310,Li7Mn5O12
mp-1174492,Li5Mn3O8
mp-1174778,Li5Mn3O8
mp-1175375,Li7Mn5O12
mp-1174068,Li3Mn2O5
mp-1173961,Li3Mn2O5
mp-1016095,LiMn2O4
mp-764770,Li13Mn2O9
mp-763777,Li4Mn5O10
mp-1100480,Li9Mn7O16
mp-1177617,Li3Mn4O8
mp-1177674,Li3Mn4O8
mp-765459,Li3Mn4O8
mp-1173972,Li3Mn2O5
mp-762421,Li15Mn2O12
mp-762459,LiMn2O4
mp-1174540,Li5Mn3O8
mp-1174761,Li5Mn3O8
mp-763693,Li3Mn5O10
mp-698592,Li10Mn21O48
mp-1100504,Li9Mn7O16
mp-1100503,Li9Mn7O16
mp-1173991,Li3Mn2O5
mp-763611,Li2Mn7O12
mp-1173928,Li2MnO3
mp-1175378,Li7Mn5O12
mp-1174036,Li3Mn2O5
mp-779964,Li5MnO4
mp-773635,Li8Mn2O9
mp-774124,Li2MnO2
mp-763602,Li13Mn8O24
mp-1174683,Li5Mn3O8
mp-770105,Li5MnO4
mp-769733,LiMn7O12
mp-1003769,Li3Mn4O8
mp-1173926,Li2MnO3
mp-764778,Li3MnO4
mp-770101,Li5MnO5
mp-1175368,Li7Mn5O12
mp-1173930,Li2MnO3
mp-763779,Li2Mn3O6
mp-763380,Li4Mn7O16
mp-762416,Li13Mn8O24
mp-35929,LiMnO2
mp-771669,Li5Mn5O12
mp-762408,Li13Mn8O24
mp-1174550,Li5Mn3O8
mp-770556,Li3MnO3
mp-773369,Li3MnO4
mp-1174763,Li5Mn3O8
mp-772059,Li5Mn4O8
mp-769747,Li3MnO3
mp-1175385,Li7Mn5O12
mp-1175366,Li7Mn5O12
mp-1174758,Li5Mn3O8
mp-1177687,Li3Mn7O12
mp-1080207,Li3Mn4O8
mp-1173939,Li2MnO3
mp-762410,Li12Mn2O9
mp-774127,Li3Mn4O8
mp-762516,Li3Mn3O8
mp-763609,Li4Mn5O10
mp-762409,Li2Mn3O6
mp-705903,Li10Mn23O48
mp-763608,LiMn7O12
mp-1176815,Li9Mn5O12
mp-1175358,Li7Mn5O12
mp-1175360,Li7Mn5O12
mp-775388,Li5Mn7O15
mp-762420,Li5Mn5O12
mp-1045561,LiMn2O4
mp-1175324,Li7Mn5O12
mp-1175339,Li7Mn5O12
mp-1177463,Li4Mn9O18
mp-1174685,Li5Mn3O8
mp-705636,Li3Mn10O20
mp-771745,Li3Mn3O8
mp-771075,Li8MnO6
mp-770527,Li2Mn4O9
mp-766758,Li7Mn11O24
mp-763817,Li6Mn17O40
mp-770099,Li4MnO3
mp-25539,LiMnO2
mp-770514,Li5MnO4
mp-764823,Li5Mn6O16
mp-763571,Li2Mn5O12
mp-762417,Li5Mn5O12
mp-762418,Li2Mn3O6
mp-770104,LiMn4O8
mp-763699,LiMn5O10
mp-763695,Li2Mn5O10
mp-770528,Li5MnO4
mp-769784,Li2Mn2O3
mp-763687,Li6MnO6
mp-34891,Li2Mn15O32
mp-773276,Li2Mn3O6
mp-1174777,Li5Mn3O8
mp-1174722,Li5Mn3O8
mp-763694,Li13Mn2O12
mp-1174546,Li5Mn3O8
mp-1097902,Li3Mn4O8
mp-1174766,Li5Mn3O8
mp-770513,Li8Mn2O7
mp-705574,LiMn16O32
mp-1100528,Li9Mn7O16
mp-698703,Li15Mn21O43
mp-1097905,Li3Mn4O8
mp-1174463,Li4Mn3O7
mp-1080219,Li3Mn4O8
mp-19438,LiMnO4
mp-1175581,Li7Mn5O12
mp-1174041,Li3Mn2O5
mp-1120793,LiMnO3
mp-691164,Li3Mn2O4
mp-33314,Li3Mn2O4
mp-1175490,Li7Mn5O12
mp-1174157,Li3Mn2O5
mp-1174652,Li5Mn3O8
mp-1174553,Li5Mn3O8
mp-1173951,Li2MnO3
mp-1222501,LiMn2O4
mp-1173923,Li2MnO3
mp-691134,Li7Mn10O20
mp-1210922,LiMnO7
mp-1120773,LiMnO
mp-37692,Li3RuO4
mp-4630,Li2RuO3
mp-757535,Li35(RuO4)12
mp-37839,Li7RuO6
mp-757395,Li11(RuO3)8
mp-676252,Li9(RuO3)10
mp-1193147,Li(RuO2)2
mp-28254,LiRuO2
mp-1185420,LiRuO3
mp-675354,Li3(RuO3)2
mp-985583,Li3PS4
mp-1097036,Li3PS4
mp-1001069,Li48P16S61
mp-641703,Li7P3S11
mp-1211324,Li7PS6
mp-38200,Li2PS3
mp-1222635,Li2PS3
mp-29195,LiPO3
mp-554577,Li4P2O7
mp-13725,Li3PO4
mp-28450,Li4P2O7
mp-557189,LiPO3
mp-1202801,LiPO3
mp-2878,Li3PO4
mp-1020027,Li4P2O7
mp-1020029,Li8PO3
mp-1189919,LiPO4
mp-1181255,Li4P4O17
mp-1197558,Li4P4O17
mp-1020666,Li4P2O7
mp-3647,LiGaS2
mp-9172,Li4TiO4
mp-2931,Li2TiO3
mp-5670,LiTi2O4
mp-685194,Li4Ti5O12
mp-766823,Li7Ti11O24
mp-38280,LiTiO2
mp-766393,Li7Ti11O24
mp-768114,Li6Ti9O20
mp-772521,Li8TiO6
mp-774263,Li13Ti28O56
mp-772030,LiTiO2
mp-774528,Li11Ti24O48
mp-530165,Li13Ti22O48
mp-531820,Li4Ti7O16
mp-530141,Li7Ti16O32
mp-779455,Li7Ti5O12
mp-772151,Li2Ti4O9
mp-36864,Li2TiO3
mp-1177528,Li3Ti7O14
mp-759713,Li8Ti15O32
mp-772055,Li6Ti2O7
mp-530600,Li14Ti21O48
mp-1190132,Li2Ti3O7
mp-760017,Li2TiO3
mp-685809,Li5Ti12O24
mp-1190625,Li2Ti6O13
mp-772108,LiTi11O20
mp-685797,Li6Ti9O20
mp-770456,Li6Ti2O7
mp-1176936,Li6Ti2O7
mp-758044,Li5Ti8O16
mp-25417,LiTiO2
mp-1222545,Li3Ti8O16
mp-531914,Li3Ti8O16
mp-756645,Li5Ti3O8
mp-1222656,Li2TiO3
mp-1193296,LiTi2O4
mp-772925,Li4Ti5O12
mp-6944,LiTiO2
mp-756294,Li2Ti2O5
mp-772090,Li4Ti9O20
mp-764648,LiTiO2
mp-1222301,LiTiO2
mp-754937,LiTi3O6
mp-34052,Li7Ti7O16
mp-867613,LiTi4O8
mp-762351,Li4Ti7O16
mp-766543,Li7Ti11O24
mp-977334,LiTi2O4
mp-676365,Li2TiO3
mp-758089,Li2Ti3O6
mp-757527,LiTi6O12
mp-765985,Li5Ti12O24
mp-772049,Li2Ti2O5
mp-766834,Li7Ti16O32
mp-752891,LiTi3O6
mp-766548,Li4Ti11O24
mp-776170,LiTi2O4
mp-1185486,LiTi2O4
mp-760378,LiTi2O4
mp-1192813,LiTi2O4
mp-752879,Li3Ti4O8
mp-761891,Li3Ti4O8
mp-759560,LiTi6O12
mp-1222384,LiTi4O8
mp-756035,LiTi4O8
mp-38468,Li7Ti12O24
mp-760093,LiTi8O16
mp-675692,LiTi2O4
mp-1104112,LiTi2O4
mp-756560,Li2Ti3O7
mp-755000,LiTiO2
mp-772972,Li2Ti2O5
mp-759812,Li4Ti11O24
mp-755266,Li4Ti3O8
mp-753131,Li3Ti4O8
mp-755797,LiTi8O13
mp-772150,Li2Ti13O22
mp-770700,Li2Ti3O7
mp-755615,Li3Ti4O8
mp-777167,LiTiO2
mp-760539,Li2Ti3O6
mp-767633,Li4Ti9O20
mp-1222595,Li3Ti4O8
mp-1045357,LiTi2O4
mp-754801,Li3Ti6O13
mp-756565,Li2Ti7O15
mp-767194,Li4Ti11O24
mp-760594,LiTi2O4
mp-1177252,Li4TiO4
mp-770399,Li6Ti2O7
mp-762319,Li4TiO4
mp-772260,Li10Ti4O13
mp-759678,Li4Ti15O32
mp-772190,Li6Ti2O7
mp-772920,Li8Ti2O7
mp-752942,LiTi2O4
mp-867744,LiTi3O4
mp-677305,Li17Ti20O40
mp-758836,Li4Ti3O8
mp-780233,LiTi2O4
mp-752546,LiTi4O8
mp-760832,LiTi2O4
mp-766828,Li4Ti15O32
mp-558256,Li3Ti4O8
mp-675334,LiTi2O4
mp-19294,LiFeP2O7
mp-31788,Li3Fe2(PO4)3
mp-31789,LiFe(PO3)3
mp-31869,LiFe(PO3)4
mp-19017,LiFePO4
mp-31800,LiFe2P3O10
mp-31833,Li2Fe3(P2O7)2
mp-19570,Li3Fe2(PO4)3
mp-579738,Li9Fe3P8O29
mp-850262,Li2FeP2O7
mp-31888,LiFe2P5O16
mp-762826,Li3Fe2(PO4)3
mp-540112,LiFe(PO3)3
mp-19430,Li3Fe2(PO4)3
mp-762728,Li3Fe2(PO4)3
mp-762641,LiFe(PO3)3
mp-504186,Li3Fe2(PO4)3
mp-585433,LiFePO4
mp-779056,Li2FeP2O7
mp-504189,Li3Fe3(PO4)4
mp-540098,Li2FeP2O7
mp-31890,Li4Fe(PO4)2
mp-31842,Li3Fe3(PO4)4
mp-694615,LiFePO4
mp-585400,LiFePO4
mp-540149,Li2Fe(PO3)4
mp-766777,LiFePO4
mp-540123,LiFePO4
mp-540110,LiFePO4
mp-31885,Li3Fe2P5O16
mp-761484,LiFePO4
mp-1101512,LiFeP2O7
mp-31817,Li2Fe(PO3)4
mp-851285,Li2Fe2(PO4)3
mp-853256,Li3Fe2(PO4)3
mp-761474,LiFePO4
mp-18951,LiFePO4
mp-761469,LiFePO4
mp-705312,LiFePO4
mp-773377,LiFePO4
mp-31785,LiFeP2O7
mp-773399,Li3Fe(PO4)2
mp-1177031,Li7Fe4(P2O7)4
mp-697764,LiFeP2O7
mp-1101516,LiFeP2O7
mp-1176933,Li7Fe4(P2O7)4
mp-31795,LiFe(PO3)4
mp-31808,LiFe(PO3)4
mp-31830,LiFeP2O7
mp-540231,Li2FeP2O7
mp-31850,Li3Fe3(PO4)4
mp-767222,LiFe2(PO4)2
mp-695805,Li2FeP2O7
mp-765699,Li3Fe(PO4)2
mp-632692,LiFe4(PO4)4
mp-761486,LiFePO4
mp-762628,LiFe(PO3)4
mp-1177121,Li7Fe4(PO4)6
mp-540313,LiFe(PO3)3
mp-1176749,LiFe2(PO4)2
mp-1178015,Li2Fe2(PO4)3
mp-31806,LiFe3(P3O10)2
mp-31870,LiFeP2O7
mp-705329,Li3Fe2(PO4)3
mp-31812,Li4Fe5(P3O11)2
mp-762549,Li2Fe3(P2O7)2
mp-850917,LiFePO4
mp-31776,Li3Fe(PO4)2
mp-585226,Li3Fe2(PO4)3
mp-773718,Li4Fe2(PO4)3
mp-762707,Li3Fe(PO4)2
mp-31787,Li3Fe(PO4)2
mp-767225,LiFe2(PO4)2
mp-697811,Li2FeP2O7
mp-540433,Li2Fe3(P2O7)2
mp-697758,LiFeP2O7
mp-697800,LiFe4P7O24
mp-540356,LiFe(PO3)4
mp-31882,Li3Fe(PO4)2
mp-1177912,Li3Fe2(P2O7)2
mp-849506,Li3Fe2(P2O7)2
mp-504385,Li3Fe2(PO4)3
mp-849393,Li8Fe7(PO4)8
mp-776769,Li2Fe2(PO4)3
mp-705376,LiFe5(P2O7)4
mp-705431,Li6Fe5(P2O7)4
mp-1222420,LiFe4(PO4)4
mp-772427,Li3Fe(PO4)2
mp-540216,LiFeP2O7
mp-31779,Li3Fe2(PO4)3
mp-1177430,Li4Fe2(PO4)3
mp-31854,LiFeP2O7
mp-764138,Li3Fe(PO4)2
mp-31828,Li3Fe3(PO4)4
mp-705356,Li2Fe(PO3)5
mp-1177139,Li5Fe2P5O18
mp-540396,Li3Fe(PO4)2
mp-31849,LiFeP2O7
mp-31832,Li3Fe2(PO4)3
mp-761456,Li2FeP2O7
mp-31871,LiFeP2O7
mp-31809,Li2FeP2O7
mp-31777,LiFePO4
mp-31853,LiFeP2O7
mp-540073,LiFe(PO3)4
mp-776111,Li8Fe7(PO4)8
mp-540026,Li2FeP2O7
mp-31827,LiFeP2O7
mp-31784,LiFe(PO3)4
mp-767832,LiFe2(PO4)2
mp-31846,LiFePO4
mp-540520,Li7Fe4P9O32
mp-31873,LiFe(PO3)4
mp-1177735,Li3Fe2(P2O7)2
mp-767831,LiFe2(PO4)2
mp-705381,LiFe3P4O15
mp-1177652,Li3Fe5(PO4)6
mp-1101596,Li2FeP2O7
mp-767228,LiFe2(PO4)2
mp-773942,Li3Fe2(PO4)3
mp-31837,LiFeP2O7
mp-1013899,LiFe3P3O13
mp-762486,LiFe(PO3)3
mp-540431,Li2Fe5(PO4)4
mp-762487,LiFeP2O7
mp-775523,Li3Fe2(PO4)3
mp-704186,LiFe4(PO4)3
mp-705089,LiFe3P3O11
mp-767237,LiFe2(PO4)2
mp-31824,LiFe(PO3)4
mp-31847,Li6Fe9(PO4)8
mp-540405,LiFePO4
mp-851277,Li4Fe2(PO4)3
mp-762457,LiFePO4
mp-767795,LiFeP2O7
mp-762652,LiFe2P3O11
mp-762621,LiFe(PO3)3
mp-504218,Li6Fe3P8O29
mp-763894,Li3Fe3(PO4)4
mp-705404,Li4Fe3P4O15
mp-772517,Li7Fe4(PO4)6
mp-773358,Li2Fe2(PO4)3
mp-774251,LiFePO4
mp-761461,LiFePO4
mp-762492,Li2Fe(PO3)4
mp-31887,Li3Fe(PO3)8
mp-1177017,Li6Fe3P8O29
mp-766780,Li3Fe2(PO4)3
mp-761516,Li2Fe(PO4)2
mp-763769,Li2Fe(PO3)4
mp-31797,Li3Fe3(PO4)4
mp-849492,Li5Fe4(P2O7)4
mp-761453,Li5FeP3O11
mp-687200,LiFe(PO3)5
mp-540020,LiFe4(PO4)3
mp-1177796,Li3Fe3(PO4)4
mp-762485,Li2FeP2O7
mp-1177302,Li5Fe2(PO4)3
mp-766766,LiFePO4
mp-762674,LiFe4(PO4)3
mp-761518,Li2Fe(PO4)2
mp-762887,LiFe4(PO4)3
mp-762666,LiFe5P3O13
mp-762657,LiFe(PO3)3
mp-762680,Li2Fe3P9O28
mp-850109,Li2FeP2O7
mp-762626,LiFe(PO3)3
mp-704251,LiFePO4
mp-762651,Li2Fe(PO3)4
mp-1177154,Li5Fe4(P2O7)4
mp-762839,LiFe4(PO4)3
mp-762558,Li2Fe(PO3)5
mp-762422,Li4Fe(PO3)6
mp-767221,LiFe2(PO4)2
mp-762846,Li3Fe2(PO4)3
mp-762543,LiFe4(PO4)3
mp-762490,LiFeP2O7
mp-1176752,LiFe4(PO4)3
mp-761460,Li2FeP2O7
mp-761468,LiFePO4
mp-767105,LiFe2(PO4)2
mp-762519,Li4Fe7(PO4)6
mp-603643,Li2Fe3(P2O7)2
mp-1177390,Li5Fe4(P2O7)4
mp-762669,LiFeP2O7
mp-773169,Li5Fe5(PO4)6
mp-766770,LiFePO4
mp-540453,Li4FeP2O9
mp-772677,LiFePO4
mp-849560,Li5Fe4(P2O7)4
mp-762547,LiFe4(PO4)3
mp-774268,LiFePO4
mp-853269,Li5Fe4(P2O7)4
mp-762593,LiFePO4
mp-766755,Li3FePO5
mp-768329,LiFe2(PO4)2
mp-1013910,LiFe2P2O9
mp-762561,LiFeP2O7
mp-773692,LiFePO4
mp-773357,Li2Fe3(PO4)3
mp-761476,LiFePO4
mp-765974,LiFePO4
mp-762524,Li4Fe7(PO4)6
mp-761478,LiFePO4
mp-772012,LiFePO4
mp-761467,LiFePO4
mp-761593,LiFePO4
mp-762553,Li2Fe(PO4)2
mp-861174,Li3Fe(PO4)2
mp-861136,Li2FeP3O10
mp-761521,Li3Fe(PO4)2
mp-1177159,Li5Fe4(P2O7)4
mp-31778,LiFe2(PO4)3
mp-766763,LiFePO4
mp-763758,LiFePO4
mp-762629,LiFeP2O7
mp-762491,LiFe(PO3)3
mp-765950,LiFePO4
mp-762582,LiFe(PO3)3
mp-767236,LiFe2(PO4)2
mp-1176761,LiFePO4
mp-767093,LiFe2(PO4)2
mp-763621,LiFe(PO3)3
mp-762627,LiFe2P5O16
mp-762816,Li3Fe(PO4)2
mp-762891,LiFe(PO3)4
mp-761481,Li2FePO5
mp-762527,LiFe4(PO4)3
mp-773320,LiFePO4
mp-767826,Li2FePO5
mp-761522,Li7Fe2P7O24
mp-31845,LiFe2(PO4)3
mp-761457,Li4Fe(PO3)6
mp-773673,LiFePO4
mp-762525,Li2Fe3P5O18
mp-762536,LiFe(PO3)4
mp-762483,LiFe(PO3)4
mp-997548,LiFe2(PO4)3
mp-1177129,Li5Fe6P5O24
mp-1101524,LiFe2(PO4)3
mp-1176703,LiFePO4
mp-1101593,LiFe2(PO4)3
mp-1172998,LiFe2(PO4)3
mp-540117,LiFe2(PO4)3
mp-761534,Li4FeP2O9
mp-762578,LiFe(PO3)4
mp-762522,LiFe(PO3)4
mp-1200149,LiFe2(P2O7)2
mp-766774,LiFePO4
mp-763647,Li2FeP4O13
mp-850161,LiFeP2O7
mp-777004,Li9Fe7(PO4)12
mp-765913,LiFePO4
mp-766762,LiFePO4
mp-762495,LiFe(PO3)4
mp-762640,LiFe(PO3)4
mp-1176795,Li9Fe4(PO5)4
mp-763638,LiFeP2O7
mp-689973,Li2Fe(PO4)2
mp-767949,Li3Fe4(PO4)6
mp-774269,LiFePO4
mp-697784,LiFe2(PO4)3
mp-1176772,LiFeP2O7
mp-850176,LiFeP2O7
mp-694564,Li2Fe(PO3)8
mp-765934,Li2FeP2O7
mp-861244,Li5Fe(P2O7)2
mp-849415,LiFeP2O7
mp-695816,LiFeP2O7
mp-540327,Li2Fe(PO4)2
mp-761581,LiFePO4
mp-697816,Li2Fe(PO4)2
mp-762469,LiFe(PO3)4
mp-1176699,LiFePO4
mp-762711,Li2Fe(PO4)2
mp-705390,Li3Fe4P9O32
mp-850177,LiFeP2O7
mp-773158,Li3Fe2(PO4)3
mp-767263,LiFe2(PO4)2
mp-761535,LiFePO4
mp-767094,LiFe2(PO4)2
mp-782726,LiFeP2O7
mp-763776,LiFe3P3O11
mp-765963,LiFePO4
mp-1176742,LiFe2(PO3)5
mp-763683,LiFeP2O7
mp-761480,LiFePO4
mp-762856,Li2Fe(PO4)2
mp-762530,LiFePO4
mp-761506,Li4FeP2O9
mp-766769,LiFePO4
mp-762622,Li3Fe(PO4)2
mp-997542,Li3Fe2(PO3)7
mp-762642,Li2Fe(PO3)4
mp-761483,Li3Fe(PO4)2
mp-763747,LiFe(PO3)4
mp-766772,LiFePO4
mp-761555,Li3Fe(PO4)2
mp-761482,Li2FePO5
mp-1177729,Li3Fe4(P2O7)4
mp-850165,LiFeP2O7
mp-766765,LiFePO4
mp-762548,LiFe(PO3)4
mp-774462,LiFePO5
mp-768323,LiFe2(PO4)2
mp-861176,Li2FePO5
mp-868375,LiFePO5
mp-761489,LiFePO5
mp-772126,Li4Fe(PO4)2
mp-761463,Li2FeP2O7
mp-766761,LiFePO4
mp-772301,LiFePO4
mp-762479,Li3Fe3(PO4)4
mp-849550,LiFeP2O7
mp-761514,Li3Fe(PO4)2
mp-762470,Li3Fe5(PO4)6
mp-1177117,Li5Fe4(PO4)4
mp-765910,LiFePO4
mp-772472,LiFePO4
mp-762755,Li2Fe(PO4)2
mp-766759,Li2Fe2P2O9
mp-762843,LiFeP2O7
mp-761558,Li3Fe(PO4)2
mp-767797,Li3Fe4(PO4)6
mp-763623,LiFe(PO3)4
mp-763642,LiFeP2O7
mp-762833,LiFePO4
mp-540454,Li3FeP2O9
mp-762468,LiFeP2O7
mp-762857,LiFePO5
mp-763626,LiFe(PO3)4
mp-762555,LiFePO4
mp-761462,LiFePO4
mp-761464,LiFePO4
mp-31815,Li2Fe(PO4)2
mp-762673,LiFe4(PO4)3
mp-767823,Li3Fe2(PO5)2
mp-699352,LiFe2(PO4)3
mp-1104261,LiFePO4
mp-1101521,LiFeP2O7
mp-766741,LiFePO5
mp-657716,Li2Fe3(P2O7)2
mp-1101540,LiFeP4O13
mp-540420,LiFe2(PO4)3
mp-705437,Li3Fe3P8O29
mp-1177688,Li3Fe4(P2O7)4
mp-705398,LiFeP4O13
mp-762896,LiFe4(PO4)3
mp-694534,LiFeP2O7
mp-689979,LiFeP2O7
mp-1101522,LiFeP2O7
mp-705011,LiFeP2O7
mp-1101560,LiFeP2O7
mp-697808,LiFe2P3O13
mp-764790,Li2FeSiO4
mp-18968,Li2FeSiO4
mp-19061,LiFe(SiO3)2
mp-510708,LiFe(SiO3)2
mp-646320,Li2FeSiO4
mp-762678,LiFeSiO4
mp-761416,LiFe(SiO3)2
mp-764346,Li2FeSiO4
mp-763629,Li2FeSiO4
mp-763645,Li2FeSiO4
mp-763264,Li2FeSiO4
mp-764341,Li3FeSiO5
mp-762557,Li2FeSiO4
mp-861468,LiFe(Si2O5)2
mp-863851,LiFeSiO4
mp-765849,LiFe(SiO3)2
mp-761968,Li4FeSi2O7
mp-762566,Li2FeSiO4
mp-762639,LiFeSiO4
mp-761735,Li2Fe2Si4O11
mp-762540,Li2FeSiO4
mp-762893,LiFeSiO4
mp-762925,LiFeSiO4
mp-767077,Li5Fe(SiO4)2
mp-767964,Li2Fe(SiO3)2
mp-765904,Li2FeSiO4
mp-762581,LiFeSiO4
mp-764340,Li2FeSiO4
mp-767027,Li4FeSi2O7
mp-764348,LiFeSiO4
mp-761394,Li4Fe2Si3O10
mp-1177998,Li2FeSiO4
mp-775228,LiFeSiO4
mp-762554,Li2FeSiO4
mp-761644,Li2Fe3Si3O10
mp-763641,LiFeSiO4
mp-764344,Li2FeSiO4
mp-762799,LiFeSiO4
mp-1222541,LiFeSiO4
mp-763635,LiFeSiO4
mp-767253,LiFeSiO4
mp-778685,LiFe(SiO3)2
mp-1177702,Li3Fe2(SiO4)2
mp-1176885,Li7Fe6(SiO4)6
mp-765915,LiFe(SiO3)2
mp-761402,Li2Fe5(Si2O7)2
mp-997543,Li3FeSi2O7
mp-861172,LiFe(SiO3)2
mp-762644,LiFeSiO4
mp-763734,LiFeSiO4
mp-766714,Li3Fe(Si2O5)3
mp-761459,LiFeSi3O8
mp-761705,Li2Fe4Si4O13
mp-762645,LiFeSiO4
mp-1177679,Li3Fe2(SiO4)2
mp-761475,Li2Fe2Si5O13
mp-762643,LiFeSiO4
mp-1176688,LiFeSiO4
mp-766664,LiFeSiO4
mp-773691,LiFe(SiO3)2
mp-761409,LiFeSiO4
mp-761764,Li3Fe(Si2O5)3
mp-763740,LiFeSiO4
mp-762786,Li3Fe2(SiO4)2
mp-762844,Li4Fe2Si4O13
mp-767996,Li3Fe2(SiO4)2
mp-861542,LiFeSiO4
mp-765961,LiFeSi3O8
mp-761820,LiFeSi3O8
mp-1177108,Li5Fe4(Si3O10)2
mp-767850,LiFeSiO4
mp-762837,LiFeSiO4
mp-766989,LiFe(Si2O5)2
mp-763810,Li17Fe6(Si2O7)6
mp-997531,LiFeSiO4
mp-767726,Li2Fe2Si3O10
mp-764784,LiFeSiO4
mp-863887,LiFeSiO4
mp-761405,Li2Fe2Si2O7
mp-779273,Li3Fe(Si2O5)3
mp-767707,Li2Fe5Si5O16
mp-765881,LiFeSi3O8
mp-761382,Li2Fe3(Si3O8)2
mp-762765,Li2FeSiO4
mp-762861,LiFeSiO4
mp-773415,Li2Fe2(Si2O5)3
mp-767248,LiFeSiO4
mp-762613,Li2Fe2Si2O7
mp-762716,Li2Fe3(SiO4)2
mp-780866,LiFe2Si2O7
mp-762862,LiFeSiO4
mp-761767,LiFe(SiO3)2
mp-767973,Li2Fe(SiO3)2
mp-762796,LiFeSiO4
mp-767743,LiFeSiO4
mp-775303,Li2Fe(Si2O5)3
mp-764102,Li3Fe2(SiO4)2
mp-762703,LiFeSiO4
mp-762565,Li10Fe(SiO5)2
mp-762681,LiFeSiO4
mp-762623,LiFeSiO4
mp-763625,LiFeSiO4
mp-764355,LiFeSiO4
mp-762545,Li2FeSiO4
mp-761713,LiFeSiO4
mp-762587,LiFeSiO4
mp-780681,LiFe3(SiO4)2
mp-762570,Li3FeSi2O7
mp-851283,LiFeSiO4
mp-763619,Li2Fe(SiO3)2
mp-863911,Li2Fe(SiO3)2
mp-762687,LiFeSiO4
mp-1192570,LiFeSiO4
mp-762804,LiFeSiO4
mp-763739,Li3Fe2(SiO4)2
mp-761624,LiFeSi3O8
mp-767938,LiFeSiO4
mp-762650,Li3Fe2(SiO4)2
mp-763781,Li3Fe2(SiO4)2
mp-767668,Li9Fe5(SiO8)2
mp-761622,Li7Fe7SiO16
mp-762656,LiFeSiO4
mp-861716,Li2Fe2(SiO3)3
mp-851062,LiFeSiO4
mp-767283,LiFeSiO4
mp-774106,Li3Fe2(SiO4)2
mp-767838,LiFeSiO4
mp-762571,Li2Fe(Si2O5)2
mp-766752,Li7Fe7SiO16
mp-765416,Li2Fe2Si8O19
mp-1177678,Li3Fe2(SiO4)2
mp-762723,Li3Fe2(SiO4)2
mp-768001,Li6Fe(SiO4)2
mp-762807,LiFeSiO4
mp-772589,Li2Fe(Si2O5)2
mp-863885,LiFe(SiO3)2
mp-762586,LiFeSiO4
mp-761559,LiFeSiO4
mp-761546,LiFeSiO4
mp-761513,LiFeSi3O8
mp-778622,Li3Fe2(SiO4)2
mp-762646,LiFeSiO4
mp-767963,Li2FeSi3O8
mp-850922,Li3Fe2(SiO4)2
mp-761450,LiFeSi3O8
mp-861551,LiFeSiO4
mp-762631,LiFeSiO4
mp-762655,LiFeSiO4
mp-763637,Li4Fe2SiO7
mp-767328,Li5Fe5Si7O24
mp-762535,Li2Fe2(SiO3)3
mp-766964,Li2Fe2SiO6
mp-861686,Li5Fe5Si7O24
mp-863852,Li5Fe5Si7O24
mp-762632,LiFeSiO4
mp-762539,Li2FeSiO4
mp-779820,Li3Fe4(Si3O10)2
mp-772382,Li2FeSi3O8
mp-773468,LiFeSiO4
mp-762576,Li2Fe2Si2O7
mp-762620,Li2Fe(Si2O5)2
mp-863888,Li2Fe(SiO3)2
mp-762562,Li2Fe(Si2O5)2
mp-762534,Li2Fe2(SiO3)3
mp-762533,Li2Fe2(SiO3)3
mp-762648,LiFeSiO4
mp-761782,Li7Fe3(SiO6)2
mp-1177963,Li2Fe5Si5O16
mp-762719,Li2FeSi4O11
mp-762686,LiFeSiO4
mp-763624,Li2Fe(SiO3)2
mp-767149,Li2FeSi3O8
mp-766744,Li2Fe2Si4O11
mp-861173,LiFeSiO4
mp-762541,Li4Fe(SiO3)3
mp-868418,Li2FeSi3O8
mp-761594,LiFe(SiO3)2
mp-761305,LiFe(Si2O5)2
mp-773385,Li3FeSiO5
mp-762696,LiFeSiO4
mp-767954,Li2FeSiO5
mp-761991,Li3Fe3SiO8
mp-767276,Li5Fe5Si7O24
mp-766984,Li2Fe(Si2O5)3
mp-1177429,Li4Fe3(SiO4)3
mp-762714,Li2FeSi4O11
mp-762704,Li4Fe(SiO4)2
mp-762746,Li2Fe2SiO6
mp-761332,LiFeSiO4
mp-1177979,Li2FeSiO5
mp-767753,Li2Fe2Si8O19
mp-861544,Li2Fe2Si3O10
mp-762810,Li2Fe2Si2O7
mp-1178074,Li15Fe15SiO32
mp-865154,LiFe(Si3O7)2
mp-762827,Li5Fe(SiO4)2
mp-778793,Li4Fe3(SiO4)3
mp-761351,Li2Fe(Si2O5)3
mp-762585,LiFeSiO4
mp-762705,Li3FeSiO5
mp-762768,Li9Fe4(SiO5)4
mp-762638,LiFeSiO4
mp-761452,Li2Fe(Si2O5)3
mp-775750,LiFe(Si2O5)3
mp-850962,LiFe2(SiO4)2
mp-762775,Li2Fe2Si2O9
mp-761343,Li16Fe4SiO16
mp-780871,LiFe2(SiO4)2
mp-762762,LiFe2(SiO4)2
mp-763746,Li2FeSiO5
mp-761348,Li7Fe7SiO16
mp-1211190,LiFe2SiO4
mp-1138,LiF
mp-1185301,LiF
mp-1185348,LiF3
mp-1009009,LiF
mp-841,Li2O2
mp-1960,Li2O
mp-1018789,LiO2
mp-755894,Li2O
mp-558312,Li2O2
mp-1001790,LiO3
mp-1097030,Li2O2
mp-1180619,Li2O2
mp-1094135,LiO2
mp-1094129,LiO2
mp-1097725,LiO2
mp-9172,Li4TiO4
mp-2931,Li2TiO3
mp-5670,LiTi2O4
mp-685194,Li4Ti5O12
mp-766823,Li7Ti11O24
mp-38280,LiTiO2
mp-766393,Li7Ti11O24
mp-768114,Li6Ti9O20
mp-772521,Li8TiO6
mp-774263,Li13Ti28O56
mp-772030,LiTiO2
mp-774528,Li11Ti24O48
mp-530165,Li13Ti22O48
mp-531820,Li4Ti7O16
mp-530141,Li7Ti16O32
mp-779455,Li7Ti5O12
mp-772151,Li2Ti4O9
mp-36864,Li2TiO3
mp-1177528,Li3Ti7O14
mp-759713,Li8Ti15O32
mp-772055,Li6Ti2O7
mp-530600,Li14Ti21O48
mp-1190132,Li2Ti3O7
mp-760017,Li2TiO3
mp-685809,Li5Ti12O24
mp-1190625,Li2Ti6O13
mp-772108,LiTi11O20
mp-685797,Li6Ti9O20
mp-770456,Li6Ti2O7
mp-1176936,Li6Ti2O7
mp-758044,Li5Ti8O16
mp-25417,LiTiO2
mp-1222545,Li3Ti8O16
mp-531914,Li3Ti8O16
mp-756645,Li5Ti3O8
mp-1222656,Li2TiO3
mp-1193296,LiTi2O4
mp-772925,Li4Ti5O12
mp-6944,LiTiO2
mp-756294,Li2Ti2O5
mp-772090,Li4Ti9O20
mp-764648,LiTiO2
mp-1222301,LiTiO2
mp-754937,LiTi3O6
mp-34052,Li7Ti7O16
mp-867613,LiTi4O8
mp-762351,Li4Ti7O16
mp-766543,Li7Ti11O24
mp-977334,LiTi2O4
mp-676365,Li2TiO3
mp-758089,Li2Ti3O6
mp-757527,LiTi6O12
mp-765985,Li5Ti12O24
mp-772049,Li2Ti2O5
mp-766834,Li7Ti16O32
mp-752891,LiTi3O6
mp-766548,Li4Ti11O24
mp-776170,LiTi2O4
mp-1185486,LiTi2O4
mp-760378,LiTi2O4
mp-1192813,LiTi2O4
mp-752879,Li3Ti4O8
mp-761891,Li3Ti4O8
mp-759560,LiTi6O12
mp-1222384,LiTi4O8
mp-756035,LiTi4O8
mp-38468,Li7Ti12O24
mp-760093,LiTi8O16
mp-675692,LiTi2O4
mp-1104112,LiTi2O4
mp-756560,Li2Ti3O7
mp-755000,LiTiO2
mp-772972,Li2Ti2O5
mp-759812,Li4Ti11O24
mp-755266,Li4Ti3O8
mp-753131,Li3Ti4O8
mp-755797,LiTi8O13
mp-772150,Li2Ti13O22
mp-770700,Li2Ti3O7
mp-755615,Li3Ti4O8
mp-777167,LiTiO2
mp-760539,Li2Ti3O6
mp-767633,Li4Ti9O20
mp-1222595,Li3Ti4O8
mp-1045357,LiTi2O4
mp-754801,Li3Ti6O13
mp-756565,Li2Ti7O15
mp-767194,Li4Ti11O24
mp-760594,LiTi2O4
mp-1177252,Li4TiO4
mp-770399,Li6Ti2O7
mp-762319,Li4TiO4
mp-772260,Li10Ti4O13
mp-759678,Li4Ti15O32
mp-772190,Li6Ti2O7
mp-772920,Li8Ti2O7
mp-752942,LiTi2O4
mp-867744,LiTi3O4
mp-677305,Li17Ti20O40
mp-758836,Li4Ti3O8
mp-780233,LiTi2O4
mp-752546,LiTi4O8
mp-760832,LiTi2O4
mp-766828,Li4Ti15O32
mp-558256,Li3Ti4O8
mp-675334,LiTi2O4
mp-18988,Li2MnO3
mp-1173928,Li2MnO3
mp-1173926,Li2MnO3
mp-1173930,Li2MnO3
mp-1173939,Li2MnO3
mp-1173951,Li2MnO3
mp-1173923,Li2MnO3
mp-1001581,LiC6
mp-13725,Li3PO4
mp-2878,Li3PO4
mp-1197270,Li2CoSiO4
mp-763301,Li2CoSiO4
mp-767128,Li2CoSiO4
mp-764641,Li2CoSiO4
mp-763304,Li2CoSiO4
mp-763309,Li2CoSiO4
mp-764956,Li2CoSiO4
mp-763485,Li2CoSiO4
mp-764958,Li2CoSiO4
mp-764957,Li2CoSiO4
mp-763470,Li2CoSiO4
mp-763512,Li2CoSiO4
mp-764642,Li2CoSiO4
mp-764634,Li2CoSiO4
mp-763465,Li2CoSiO4
mp-772320,Li2CoSiO4
mp-762264,Li2CoSiO4
mp-696138,Li10Ge(PS6)2
mp-696128,Li10Ge(PS6)2
mp-6521,LiLaTiO4
mp-696138,Li10Ge(PS6)2
mp-696128,Li10Ge(PS6)2
mp-720509,Li10Si(PS6)2
mp-696129,Li10Si(PS6)2
mp-685194,Li4Ti5O12
mp-772925,Li4Ti5O12
mp-779455,Li7Ti5O12
mp-13725,Li3PO4
mp-2878,Li3PO4
mp-557964,Li9S3N
mp-19017,LiFePO4
mp-585433,LiFePO4
mp-694615,LiFePO4
mp-585400,LiFePO4
mp-766777,LiFePO4
mp-540123,LiFePO4
mp-540110,LiFePO4
mp-761484,LiFePO4
mp-761474,LiFePO4
mp-18951,LiFePO4
mp-761469,LiFePO4
mp-705312,LiFePO4
mp-773377,LiFePO4
mp-761486,LiFePO4
mp-850917,LiFePO4
mp-31777,LiFePO4
mp-31846,LiFePO4
mp-540405,LiFePO4
mp-762457,LiFePO4
mp-774251,LiFePO4
mp-761461,LiFePO4
mp-766766,LiFePO4
mp-704251,LiFePO4
mp-761468,LiFePO4
mp-766770,LiFePO4
mp-772677,LiFePO4
mp-774268,LiFePO4
mp-762593,LiFePO4
mp-773692,LiFePO4
mp-761476,LiFePO4
mp-765974,LiFePO4
mp-761478,LiFePO4
mp-772012,LiFePO4
mp-761467,LiFePO4
mp-761593,LiFePO4
mp-766763,LiFePO4
mp-763758,LiFePO4
mp-765950,LiFePO4
mp-1176761,LiFePO4
mp-773320,LiFePO4
mp-773673,LiFePO4
mp-1176703,LiFePO4
mp-766774,LiFePO4
mp-765913,LiFePO4
mp-766762,LiFePO4
mp-774269,LiFePO4
mp-761581,LiFePO4
mp-1176699,LiFePO4
mp-761535,LiFePO4
mp-765963,LiFePO4
mp-761480,LiFePO4
mp-762530,LiFePO4
mp-766769,LiFePO4
mp-766772,LiFePO4
mp-766765,LiFePO4
mp-766761,LiFePO4
mp-772301,LiFePO4
mp-765910,LiFePO4
mp-772472,LiFePO4
mp-762833,LiFePO4
mp-762555,LiFePO4
mp-761462,LiFePO4
mp-761464,LiFePO4
mp-1104261,LiFePO4
mp-4711,Li2CuO2
mp-1147636,Li2CuO2
mp-25614,LiNiPO4
mp-763217,LiNiPO4
mp-32324,LiNiPO4
mp-861615,LiNiPO4
mp-762168,LiNiPO4
mp-778296,LiNiPO4
mp-540246,LiNiPO4
mp-540248,LiNiPO4
mp-540255,LiNiPO4
mp-705448,LiNiPO4
mp-762020,LiNiPO4
mp-762042,LiNiPO4
mp-762004,LiNiPO4
mp-32350,LiNiPO4
mp-762021,LiNiPO4
mp-762012,LiNiPO4
mp-32327,LiNiPO4
mp-768025,LiNiPO4
mp-765391,LiNiPO4
mp-761988,LiNiPO4
mp-761987,LiNiPO4
mp-765394,LiNiPO4
mp-772673,LiNiPO4
mp-763062,LiNiPO4
mp-851268,LiNiPO4
mp-767987,LiNiPO4
mp-761544,LiNiPO4
mp-767997,LiNiPO4
mp-762166,LiNiPO4
mp-762023,LiNiPO4
mp-861534,LiNiPO4
mp-766646,LiNiPO4
mp-765141,LiNiPO4
mp-765817,LiNiPO4
mp-762154,LiNiPO4
mp-763130,LiNiPO4
mp-763061,LiNiPO4
mp-762914,LiNiPO4
mp-851065,LiNiPO4
mp-766645,LiNiPO4
mp-767362,LiNiPO4
mp-766651,LiNiPO4
mp-766670,LiNiPO4
mp-765389,LiNiPO4
mp-762079,LiNiPO4
mp-775652,LiNiPO4
mp-766639,LiNiPO4
mp-762243,LiNiPO4
mp-761541,LiNiPO4
mp-761977,LiNiPO4
mp-762072,LiNiPO4
mp-762160,LiNiPO4
mp-766070,LiNiPO4
mp-762002,LiNiPO4
mp-762006,LiNiPO4
mp-762173,LiNiPO4
mp-762001,LiNiPO4
mp-761990,LiNiPO4
mp-762152,LiNiPO4
mp-766636,LiNiPO4
mp-762008,LiNiPO4
mp-863863,LiCoPO4
mp-1176798,LiCoPO4
mp-540489,LiCoPO4
mp-761677,LiCoPO4
mp-31585,LiCoPO4
mp-761812,LiCoPO4
mp-761736,LiCoPO4
mp-31541,LiCoPO4
mp-761727,LiCoPO4
mp-1176778,LiCoPO4
mp-762018,LiCoPO4
mp-18915,LiCoPO4
mp-31540,LiCoPO4
mp-31594,LiCoPO4
mp-31553,LiCoPO4
mp-761974,LiCoPO4
mp-777057,LiCoPO4
mp-761821,LiCoPO4
mp-31591,LiCoPO4
mp-765448,LiCoPO4
mp-763060,LiCoPO4
mp-865198,LiCoPO4
mp-761976,LiCoPO4
mp-31537,LiCoPO4
mp-767332,LiCoPO4
mp-767909,LiCoPO4
mp-761829,LiCoPO4
mp-775343,LiCoPO4
mp-761818,LiCoPO4
mp-765446,LiCoPO4
mp-761709,LiCoPO4
mp-863860,LiCoPO4
mp-761970,LiCoPO4
mp-772438,LiCoPO4
mp-761828,LiCoPO4
mp-761951,LiCoPO4
mp-761815,LiCoPO4
mp-761732,LiCoPO4
mp-761719,LiCoPO4
mp-772516,LiCoPO4
mp-863861,LiCoPO4
mp-765460,LiCoPO4
mp-761805,LiCoPO4
mp-761814,LiCoPO4
mp-761702,LiCoPO4
mp-761744,LiCoPO4
mp-765449,LiCoPO4
mp-765409,LiCoPO4
mp-865153,LiCoPO4
mp-762014,LiCoPO4
mp-761822,LiCoPO4
mp-761670,LiCoPO4
mp-761965,LiCoPO4
mp-761753,LiCoPO4
mp-761979,LiCoPO4
mp-761726,LiCoPO4
mp-761780,LiCoPO4
mp-863875,LiCoPO4
mp-766726,LiCoPO4
mp-18997,LiMnPO4
mp-585432,LiMnPO4
mp-540108,LiMnPO4
mp-31922,LiMnPO4
mp-861482,LiMnPO4
mp-861632,LiMnPO4
mp-31970,LiMnPO4
mp-540125,LiMnPO4
mp-861484,LiMnPO4
mp-761527,LiMnPO4
mp-765875,LiMnPO4
mp-31939,LiMnPO4
mp-31940,LiMnPO4
mp-31994,LiMnPO4
mp-777038,LiMnPO4
mp-705069,LiMnPO4
mp-540418,LiMnPO4
mp-861062,LiMnPO4
mp-540475,LiMnPO4
mp-761699,LiMnPO4
mp-1172916,LiMnPO4
mp-31923,LiMnPO4
mp-31946,LiMnPO4
mp-690866,LiMnPO4
mp-861470,LiMnPO4
mp-780884,LiMnPO4
mp-765890,LiMnPO4
mp-861466,LiMnPO4
mp-780012,LiMnPO4
mp-761542,LiMnPO4
mp-761804,LiMnPO4
mp-761538,LiMnPO4
mp-761560,LiMnPO4
mp-861558,LiMnPO4
mp-851063,LiMnPO4
mp-761539,LiMnPO4
mp-765826,LiMnPO4
mp-761528,LiMnPO4
mp-766735,LiMnPO4
mp-861545,LiMnPO4
mp-861465,LiMnPO4
mp-857361,LiMnPO4
mp-861688,LiMnPO4
mp-859134,LiMnPO4
mp-861550,LiMnPO4
mp-765872,LiMnPO4
mp-851264,LiMnPO4
mp-1176605,LiMnPO4
mp-861467,LiMnPO4
mp-761549,LiMnPO4
mp-861536,LiMnPO4
mp-780646,LiMnPO4
mp-773708,LiMnPO4
mp-765859,LiMnPO4
mp-770763,LiMnPO4
mp-861684,LiMnPO4
mp-761545,LiMnPO4
mp-765871,LiMnPO4
mp-761551,LiMnPO4
mp-849515,LiMnPO4
mp-861491,LiMnPO4
mp-861477,LiMnPO4
mp-763716,LiMnPO4
mp-761562,LiMnPO4
mp-765842,LiMnPO4
mp-766155,LiMnPO4
mp-861622,LiMnPO4
mp-765846,LiMnPO4
mp-861693,LiMnPO4
mp-859131,LiMnPO4
mp-761548,LiMnPO4
mp-859138,LiMnPO4
mp-1176686,LiMnPO4
mp-861458,LiMnPO4
mp-861546,LiMnPO4
mp-766734,LiMnPO4
mp-24850,LiCoO2
mp-853240,LiCoO2
mp-868388,LiCoO2
mp-1097885,LiCoO2
mp-894498,LiCoO2
mp-765899,LiCoO2
mp-1222334,LiCoO2
mp-19017,LiFePO4
mp-585433,LiFePO4
mp-694615,LiFePO4
mp-585400,LiFePO4
mp-766777,LiFePO4
mp-540123,LiFePO4
mp-540110,LiFePO4
mp-761484,LiFePO4
mp-761474,LiFePO4
mp-18951,LiFePO4
mp-761469,LiFePO4
mp-705312,LiFePO4
mp-773377,LiFePO4
mp-761486,LiFePO4
mp-850917,LiFePO4
mp-31777,LiFePO4
mp-31846,LiFePO4
mp-540405,LiFePO4
mp-762457,LiFePO4
mp-774251,LiFePO4
mp-761461,LiFePO4
mp-766766,LiFePO4
mp-704251,LiFePO4
mp-761468,LiFePO4
mp-766770,LiFePO4
mp-772677,LiFePO4
mp-19511,Li5FeO4
mp-771402,Li5FeO4
mp-780192,Li5FeO4
mp-780207,Li5FeO4
mp-781056,Li5FeO4
mp-771486,Li5FeO4
mp-779889,Li5FeO4
mp-942733,Li7La3Zr2O12
mp-774082,Li(CoO2)2
mp-762036,Li(CoO2)2
mp-769847,Li(CoO2)2
mp-771219,Li(CoO2)2
mp-771481,Li(CoO2)2
mp-553952,Li(CoO2)2
mp-763702,Li(CoO2)2
mp-1178332,Li(CoO2)2
mp-1178123,Li(CoO2)2
mp-25471,Li(CoO2)2
mp-771636,Li(CoO2)2
mp-774239,Li(CoO2)2
mp-764935,Li(CoO2)2
mp-1222978,Li(CoO2)2
mp-19017,LiFePO4
mp-585433,LiFePO4
mp-694615,LiFePO4
mp-585400,LiFePO4
mp-766777,LiFePO4
mp-540123,LiFePO4
mp-540110,LiFePO4
mp-761484,LiFePO4
mp-761474,LiFePO4
mp-18951,LiFePO4
mp-761469,LiFePO4
mp-705312,LiFePO4
mp-773377,LiFePO4
mp-761486,LiFePO4
mp-850917,LiFePO4
mp-31777,LiFePO4
mp-31846,LiFePO4
mp-540405,LiFePO4
mp-762457,LiFePO4
mp-774251,LiFePO4
mp-761461,LiFePO4
mp-766766,LiFePO4
mp-704251,LiFePO4
mp-761468,LiFePO4
mp-766770,LiFePO4
mp-772677,LiFePO4
mp-774268,LiFePO4
mp-762593,LiFePO4
mp-773692,LiFePO4
mp-761476,LiFePO4
mp-765974,LiFePO4
mp-761478,LiFePO4
mp-772012,LiFePO4
mp-761467,LiFePO4
mp-761593,LiFePO4
mp-766763,LiFePO4
mp-763758,LiFePO4
mp-765950,LiFePO4
mp-1176761,LiFePO4
mp-773320,LiFePO4
mp-773673,LiFePO4
mp-1176703,LiFePO4
mp-766774,LiFePO4
mp-765913,LiFePO4
mp-766762,LiFePO4
mp-774269,LiFePO4
mp-761581,LiFePO4
mp-1176699,LiFePO4
mp-761535,LiFePO4
mp-765963,LiFePO4
mp-761480,LiFePO4
mp-762530,LiFePO4
mp-766769,LiFePO4
mp-766772,LiFePO4
mp-766765,LiFePO4
mp-766761,LiFePO4
mp-772301,LiFePO4
mp-765910,LiFePO4
mp-772472,LiFePO4
mp-762833,LiFePO4
mp-762555,LiFePO4
mp-761462,LiFePO4
mp-761464,LiFePO4
mp-1104261,LiFePO4
mp-24850,LiCoO2
mp-853240,LiCoO2
mp-868388,LiCoO2
mp-1097885,LiCoO2
mp-894498,LiCoO2
mp-765899,LiCoO2
mp-1222334,LiCoO2
mp-2251,Li3N
mp-2341,Li3N
mp-13725,Li3PO4
mp-2878,Li3PO4
mp-765070,Li5CoO4
mp-775093,Li5CoO4
mp-773454,Li5CoO4
mp-781073,Li5CoO4
mp-763322,Li4CoO4
mp-763312,Li4CoO4
mp-1177481,Li4CoO4
mp-776004,Li4CoO4
mp-764688,Li4CoO4
mp-763311,Li4CoO4
mp-779940,Li4CoO4
mp-763202,Li4CoO4
